{
  "exact_match": 0.6932919736331912,
  "recall@1": 0.6932919736331912,
  "recall@3": 0.8429623885226832,
  "recall@5": 0.8844328735759522,
  "recall@10": 0.9224136339297254,
  "precision@1": 0.6932919736331912,
  "precision@3": 0.28098746284107534,
  "precision@5": 0.17688657471518657,
  "precision@10": 0.09224136339298442,
  "mrr": 0.7756131490552309,
  "total_queries": 54159,
  "time": "1:14:09"
}