{
  "exact_match": 0.72125,
  "recall@1": 0.72125,
  "recall@3": 0.9,
  "recall@5": 0.93375,
  "recall@10": 0.96375,
  "precision@1": 0.72125,
  "precision@3": 0.30000000000000304,
  "precision@5": 0.18675000000000008,
  "precision@10": 0.09637499999999986,
  "mrr": 0.8128244047619044,
  "total_queries": 800
}