{
  "exact_match": 0.7768053324470541,
  "recall@1": 0.7768053324470541,
  "recall@3": 0.8854484019276575,
  "recall@5": 0.9123875994756181,
  "recall@10": 0.9363725327277092,
  "precision@1": 0.7768053324470541,
  "precision@3": 0.2951494673094258,
  "precision@5": 0.18247751989514005,
  "precision@10": 0.09363725327278787,
  "mrr": 0.8358495869158881,
  "total_queries": 54159,
  "time": "17:55:06"
}