{
  "exact_match": 0.645414427888255,
  "recall@1": 0.645414427888255,
  "recall@3": 0.803873779057959,
  "recall@5": 0.8531176720397349,
  "recall@10": 0.9037648405620488,
  "precision@1": 0.645414427888255,
  "precision@3": 0.26795792635281024,
  "precision@5": 0.1706235344079203,
  "precision@10": 0.09037648405620996,
  "mrr": 0.7346656098137783,
  "total_queries": 54159,
  "time": "13:04:09"
}