{
  "exact_match": 0.7875,
  "recall@1": 0.7875,
  "recall@3": 0.9175,
  "recall@5": 0.94375,
  "recall@10": 0.97,
  "precision@1": 0.7875,
  "precision@3": 0.30583333333333657,
  "precision@5": 0.18874999999999997,
  "precision@10": 0.09699999999999984,
  "mrr": 0.8568477182539685,
  "total_queries": 800
}