{
  "exact_match": 0.72625,
  "recall@1": 0.72625,
  "recall@3": 0.9,
  "recall@5": 0.935,
  "recall@10": 0.96375,
  "precision@1": 0.72625,
  "precision@3": 0.30000000000000304,
  "precision@5": 0.18700000000000006,
  "precision@10": 0.09637499999999986,
  "mrr": 0.8160332341269839,
  "total_queries": 800
}