{
  "exact_match": 0.6718735574881368,
  "recall@1": 0.6718735574881368,
  "recall@3": 0.8291327387876438,
  "recall@5": 0.8748869070699238,
  "recall@10": 0.9217858527668532,
  "precision@1": 0.6718735574881368,
  "precision@3": 0.2763775795960538,
  "precision@5": 0.1749773814139739,
  "precision@10": 0.09217858527669695,
  "mrr": 0.7597113965141353,
  "total_queries": 54159,
  "time": "12:50:40"
}