{
  "exact_match": 0.73125,
  "recall@1": 0.73125,
  "recall@3": 0.89375,
  "recall@5": 0.9225,
  "recall@10": 0.95625,
  "precision@1": 0.73125,
  "precision@3": 0.29791666666666966,
  "precision@5": 0.18450000000000022,
  "precision@10": 0.0956249999999999,
  "mrr": 0.8158630952380953,
  "total_queries": 800
}