{
  "exact_match": 0.5217391304347826,
  "recall@1": 0.37681159420289856,
  "recall@3": 0.6400966183574879,
  "recall@5": 0.7294685990338162,
  "recall@10": 0.8067632850241545,
  "precision@1": 0.6521739130434783,
  "precision@3": 0.3816425120772948,
  "precision@5": 0.26376811594202887,
  "precision@10": 0.1478260869565216,
  "mrr_rev_docs": 0.7590752242926155,
  "mrr_gold": 0.6523349436392915,
  "total_queries": 69
}