{
  "exact_match": 0.5217391304347826,
  "recall@1": 0.393719806763285,
  "recall@3": 0.6328502415458936,
  "recall@5": 0.6932367149758455,
  "recall@10": 0.78743961352657,
  "precision@1": 0.6376811594202898,
  "precision@3": 0.37198067632850246,
  "precision@5": 0.24927536231884045,
  "precision@10": 0.14347826086956508,
  "mrr_rev_docs": 0.7450885668276973,
  "mrr_gold": 0.6368760064412238,
  "total_queries": 69
}