{
  "exact_match": 0.5362318840579711,
  "recall@1": 0.3913043478260869,
  "recall@3": 0.6473429951690821,
  "recall@5": 0.7173913043478259,
  "recall@10": 0.7946859903381642,
  "precision@1": 0.6811594202898551,
  "precision@3": 0.3864734299516909,
  "precision@5": 0.2579710144927535,
  "precision@10": 0.14492753623188392,
  "mrr_rev_docs": 0.772135955831608,
  "mrr_gold": 0.65426731078905,
  "total_queries": 69
}