{
  "exact_match": 0.5652173913043478,
  "recall@1": 0.3985507246376811,
  "recall@3": 0.6473429951690821,
  "recall@5": 0.7246376811594202,
  "recall@10": 0.7946859903381642,
  "precision@1": 0.6956521739130435,
  "precision@3": 0.3864734299516909,
  "precision@5": 0.2608695652173912,
  "precision@10": 0.14492753623188392,
  "mrr_rev_docs": 0.7793823326432023,
  "mrr_gold": 0.6687600644122383,
  "total_queries": 69
}