{
  "exact_match": 0.4057971014492754,
  "recall@1": 0.3067632850241546,
  "recall@3": 0.567632850241546,
  "recall@5": 0.6932367149758454,
  "recall@10": 0.7801932367149759,
  "precision@1": 0.5652173913043478,
  "precision@3": 0.34782608695652173,
  "precision@5": 0.25217391304347814,
  "precision@10": 0.1420289855072463,
  "mrr_rev_docs": 0.6935127674258109,
  "mrr_gold": 0.5594778007821485,
  "total_queries": 69
}