{
  "exact_match": 0.43478260869565216,
  "recall@1": 0.3502415458937198,
  "recall@3": 0.611111111111111,
  "recall@5": 0.6811594202898551,
  "recall@10": 0.8043478260869564,
  "precision@1": 0.5797101449275363,
  "precision@3": 0.35748792270531393,
  "precision@5": 0.24347826086956506,
  "precision@10": 0.14927536231884045,
  "mrr_rev_docs": 0.7238267770876468,
  "mrr_gold": 0.5918046928916493,
  "total_queries": 69
}