{
  "exact_match": 0.5362318840579711,
  "recall@1": 0.4082125603864734,
  "recall@3": 0.644927536231884,
  "recall@5": 0.6980676328502415,
  "recall@10": 0.8019323671497584,
  "precision@1": 0.6521739130434783,
  "precision@3": 0.3816425120772946,
  "precision@5": 0.2521739130434782,
  "precision@10": 0.14637681159420277,
  "mrr_rev_docs": 0.759742351046699,
  "mrr_gold": 0.6471417069243155,
  "total_queries": 69
}