{
  "exact_match": 0.30434782608695654,
  "recall@1": 0.2826086956521739,
  "recall@3": 0.570048309178744,
  "recall@5": 0.6618357487922705,
  "recall@10": 0.78743961352657,
  "precision@1": 0.4492753623188406,
  "precision@3": 0.3381642512077295,
  "precision@5": 0.23768115942028983,
  "precision@10": 0.1434782608695651,
  "mrr_rev_docs": 0.609920634920635,
  "mrr_gold": 0.48085461237635146,
  "total_queries": 69
}