{
  "completezza": 5.9855072463768115,
  "rilevanza": 5.449275362318841,
  "chiarezza": 4.507246376811594,
  "total_queries": 69
}