{
  "exact_match": 0.5507246376811594,
  "recall": 0.5893719806763283,
  "precision": 0.45766045548654244,
  "mrr_rev_docs": 0.7424085576259489,
  "mrr_gold": 0.6219806763285025,
  "total_queries": 69,
  "total_defined_queries": 69
}