{
  "completezza": 5.942028985507246,
  "rilevanza": 5.391304347826087,
  "chiarezza": 4.434782608695652,
  "total_queries": 69
}