{
  "completezza": 6.101449275362318,
  "rilevanza": 5.565217391304348,
  "chiarezza": 4.536231884057971,
  "total_queries": 69
}