{
  "completezza": 6.0,
  "rilevanza": 5.434782608695652,
  "chiarezza": 4.420289855072464,
  "total_queries": 69
}