{
  "exact_match": 0.5217391304347826,
  "recall": 0.5628019323671497,
  "precision": 0.44777432712215315,
  "mrr_rev_docs": 0.7294685990338163,
  "mrr_gold": 0.5990338164251207,
  "total_queries": 69,
  "total_defined_queries": 69
}