{
  "exact_match": 0.5362318840579711,
  "recall": 0.7946859903381642,
  "precision": 0.14492753623188392,
  "mrr": 0.65426731078905,
  "total_queries": 69,
  "total_defined_queries": 69
}