{
  "exact_match": 0.3582089552238806,
  "recall@1": 0.3072139303482587,
  "recall@3": 0.541044776119403,
  "recall@5": 0.6343283582089553,
  "recall@10": 0.7139303482587064,
  "precision@1": 0.43283582089552236,
  "precision@3": 0.27363184079602,
  "precision@5": 0.19402985074626855,
  "precision@10": 0.11044776119402983,
  "mrr": 0.5105484482350154,
  "total_queries": 67
}