{
  "exact_match": 0.391304347826087,
  "recall@1": 0.2995169082125604,
  "recall@3": 0.5893719806763286,
  "recall@5": 0.6932367149758454,
  "recall@10": 0.7801932367149759,
  "precision@1": 0.5507246376811594,
  "precision@3": 0.3574879227053141,
  "precision@5": 0.25217391304347814,
  "precision@10": 0.1420289855072463,
  "mrr": 0.5545088566827697,
  "total_queries": 69
}