{
  "exact_match": 0.4057971014492754,
  "recall@1": 0.30434782608695654,
  "recall@3": 0.6159420289855072,
  "recall@5": 0.7222222222222221,
  "recall@10": 0.7995169082125604,
  "precision@1": 0.5652173913043478,
  "precision@3": 0.37198067632850246,
  "precision@5": 0.2608695652173912,
  "precision@10": 0.14637681159420277,
  "mrr": 0.5675523349436393,
  "total_queries": 69
}