{
  "exact_match": 0.5362318840579711,
  "recall@1": 0.3913043478260869,
  "recall@3": 0.6473429951690821,
  "recall@5": 0.7246376811594202,
  "recall@10": 0.8067632850241545,
  "precision@1": 0.6811594202898551,
  "precision@3": 0.3864734299516909,
  "precision@5": 0.2608695652173912,
  "precision@10": 0.1478260869565216,
  "mrr": 0.7723947550034506,
  "total_queries": 69
}