{
  "exact_match": 0.4927536231884058,
  "recall@1": 0.3695652173913043,
  "recall@3": 0.6111111111111112,
  "recall@5": 0.7149758454106279,
  "recall@10": 0.7946859903381642,
  "precision@1": 0.6521739130434783,
  "precision@3": 0.36714975845410636,
  "precision@5": 0.2579710144927535,
  "precision@10": 0.14492753623188392,
  "mrr": 0.6185185185185185,
  "total_queries": 69
}