{
  "completezza": 6.447761194029851,
  "rilevanza": 5.925373134328358,
  "chiarezza": 4.955223880597015,
  "total_queries": 67
}