{
  "exact_match": 0.3582089552238806,
  "recall@1": 0.3072139303482587,
  "recall@3": 0.47885572139303473,
  "recall@5": 0.5870646766169153,
  "recall@10": 0.6890547263681592,
  "precision@1": 0.43283582089552236,
  "precision@3": 0.24378109452736327,
  "precision@5": 0.17910447761194023,
  "precision@10": 0.10597014925373133,
  "mrr": 0.48573205401563607,
  "total_queries": 67
}