{
  "exact_match": 0.34328358208955223,
  "recall@1": 0.3034825870646767,
  "recall@3": 0.48009950248756217,
  "recall@5": 0.5771144278606964,
  "recall@10": 0.6716417910447762,
  "precision@1": 0.43283582089552236,
  "precision@3": 0.24378109452736327,
  "precision@5": 0.18208955223880594,
  "precision@10": 0.10597014925373133,
  "mrr": 0.476137171286425,
  "total_queries": 67
}