{
  "exact_match": 0.37681159420289856,
  "recall@1": 0.2922705314009662,
  "recall@3": 0.5748792270531402,
  "recall@5": 0.6932367149758454,
  "recall@10": 0.7801932367149759,
  "precision@1": 0.5362318840579711,
  "precision@3": 0.3478260869565218,
  "precision@5": 0.25217391304347814,
  "precision@10": 0.1420289855072463,
  "mrr": 0.5398090637221071,
  "total_queries": 69
}