{
  "exact_match": 0.34328358208955223,
  "recall@1": 0.3034825870646767,
  "recall@3": 0.47263681592039797,
  "recall@5": 0.5771144278606964,
  "recall@10": 0.6567164179104479,
  "precision@1": 0.43283582089552236,
  "precision@3": 0.23880597014925384,
  "precision@5": 0.18208955223880594,
  "precision@10": 0.10447761194029848,
  "mrr": 0.4727611940298508,
  "total_queries": 67
}