{
  "exact_match": 0.25,
  "recall@1": 0.203125,
  "recall@3": 0.3541666666666667,
  "recall@5": 0.4045138888888889,
  "recall@10": 0.4756944444444444,
  "precision@1": 0.3125,
  "precision@3": 0.19444444444444445,
  "precision@5": 0.13749999999999993,
  "precision@10": 0.08229166666666667,
  "mrr": 0.340984623015873,
  "total_queries": 96
}