{
  "exact_match": 0.43478260869565216,
  "recall@1": 0.3188405797101449,
  "recall@3": 0.6473429951690821,
  "recall@5": 0.7173913043478259,
  "recall@10": 0.8067632850241545,
  "precision@1": 0.5942028985507246,
  "precision@3": 0.3864734299516909,
  "precision@5": 0.2579710144927535,
  "precision@10": 0.1478260869565216,
  "mrr": 0.6016275592362549,
  "total_queries": 69
}