{
  "exact_match": 0.3283582089552239,
  "recall@1": 0.2848258706467662,
  "recall@3": 0.46393034825870644,
  "recall@5": 0.5870646766169153,
  "recall@10": 0.6616915422885571,
  "precision@1": 0.40298507462686567,
  "precision@3": 0.2338308457711444,
  "precision@5": 0.17910447761194023,
  "precision@10": 0.1014925373134328,
  "mrr": 0.4625384979862592,
  "total_queries": 67
}