{
  "exact_match": 0.3582089552238806,
  "recall@1": 0.27736318407960203,
  "recall@3": 0.5012437810945273,
  "recall@5": 0.5945273631840795,
  "recall@10": 0.6915422885572139,
  "precision@1": 0.373134328358209,
  "precision@3": 0.2388059701492539,
  "precision@5": 0.17313432835820888,
  "precision@10": 0.09999999999999995,
  "mrr": 0.5105484482350154,
  "total_queries": 67
}