{
  "exact_match": 0.5217391304347826,
  "recall@1": 0.3743961352657005,
  "recall@3": 0.6135265700483091,
  "recall@5": 0.7004830917874394,
  "recall@10": 0.7801932367149758,
  "precision@1": 0.6231884057971014,
  "precision@3": 0.36231884057971026,
  "precision@5": 0.25217391304347814,
  "precision@10": 0.14202898550724627,
  "mrr": 0.6478260869565218,
  "total_queries": 69
}