{
  "completezza": 6.7164179104477615,
  "chiarezza": 3.4925373134328357,
  "total_queries": 67
}